image_name,cluster_id,size_category,total_edge_pixels,num_contours,num_circular,centroid_x,centroid_y
100.png,1,Small,52,3,1,843,1867
100.png,2,Small,45,2,1,698,1905
100.png,3,Small,254,4,0,1035,1784
100.png,4,Medium,1204,5,2,321,1770
100.png,5,Small,192,5,0,173,1684
100.png,6,Small,38,2,1,607,1691
100.png,7,Small,91,3,0,782,1632
100.png,8,Large,1953,3,0,988,1672
100.png,9,Small,162,1,0,247,1634
100.png,10,Small,207,2,0,59,1609
100.png,11,Small,57,2,0,836,1523
100.png,12,Medium,866,9,0,1053,1433
100.png,13,Small,35,2,0,609,1412
100.png,14,Small,150,6,1,906,1383
100.png,15,Small,150,5,1,772,1328
100.png,16,Small,439,9,1,467,1276
100.png,17,Small,85,2,0,1035,1339
100.png,18,Medium,602,3,0,352,1279
100.png,19,Small,116,4,1,38,1159
100.png,20,Small,408,2,0,573,1214
100.png,21,Small,436,6,0,1035,1117
100.png,22,Small,17,1,0,431,1102
100.png,23,Small,135,5,0,1057,1000
100.png,24,Large,1968,9,0,855,970
100.png,25,Medium,1310,13,0,919,815
100.png,26,Medium,588,2,0,1025,750
100.png,27,Small,176,7,0,516,711
100.png,28,Small,23,1,0,3,745
100.png,29,Medium,560,12,0,716,650
100.png,30,Small,330,4,0,218,658
100.png,31,Medium,773,19,0,363,602
100.png,32,Medium,1110,25,2,496,540
100.png,33,Medium,571,8,1,999,587
100.png,34,Small,380,10,2,284,545
100.png,35,Small,388,11,0,791,535
100.png,36,Medium,593,16,1,414,444
100.png,37,Medium,707,12,0,585,428
100.png,38,Medium,866,4,0,1042,440
100.png,39,Large,1812,17,1,445,355
100.png,40,Small,18,1,0,312,405
100.png,41,Small,223,5,0,1068,270
100.png,42,Small,168,6,0,489,270
100.png,43,Medium,534,5,0,559,164
101.png,1,Small,24,1,0,1014,1910
101.png,2,Small,68,3,1,239,1757
101.png,3,Small,101,5,0,524,1724
101.png,4,Small,119,5,0,929,1718
101.png,5,Small,18,1,0,91,1750
101.png,6,Small,47,1,0,648,1629
101.png,7,Small,301,2,0,891,1608
101.png,8,Small,17,1,1,268,1563
101.png,9,Small,78,1,0,400,1497
101.png,10,Small,258,4,0,1004,1448
101.png,11,Small,249,3,0,132,1423
101.png,12,Small,219,1,0,805,1417
101.png,13,Small,341,5,0,921,1278
101.png,14,Small,261,6,1,1012,1216
101.png,15,Small,40,2,0,141,1197
101.png,16,Medium,862,5,0,576,1210
101.png,17,Medium,750,2,0,843,1130
101.png,18,Medium,635,10,1,739,986
101.png,19,Small,403,14,3,126,988
101.png,20,Medium,1493,13,1,531,978
101.png,21,Medium,923,13,0,329,938
101.png,22,Medium,1221,14,0,822,875
101.png,23,Medium,556,17,2,673,820
101.png,24,Medium,1057,10,0,449,816
101.png,25,Medium,731,21,1,161,867
101.png,26,Small,21,1,0,1068,896
101.png,27,Small,173,4,0,25,826
101.png,28,Large,3050,27,1,597,732
101.png,29,Medium,1217,21,2,258,727
101.png,30,Medium,1081,17,0,778,736
101.png,31,Large,1777,26,1,75,684
101.png,32,Large,2482,26,0,418,671
101.png,33,Medium,1255,13,0,870,659
101.png,34,Medium,1137,23,0,654,633
101.png,35,Medium,579,13,1,39,623
101.png,36,Medium,854,15,0,1024,609
101.png,37,Large,1697,23,2,484,593
101.png,38,Medium,715,8,0,341,568
101.png,39,Medium,1057,14,0,800,570
101.png,40,Medium,584,6,0,88,543
101.png,41,Medium,1101,23,1,563,433
101.png,42,Small,52,1,0,1075,494
101.png,43,Medium,1186,13,0,754,420
101.png,44,Medium,685,9,0,416,420
101.png,45,Medium,1302,19,1,69,386
101.png,46,Medium,1317,22,1,508,291
101.png,47,Small,249,1,0,164,336
101.png,48,Small,280,6,0,457,230
101.png,49,Small,167,5,0,489,154
102.png,1,Small,165,3,0,423,1899
102.png,2,Medium,968,2,0,567,1866
102.png,3,Small,427,4,0,1011,1867
102.png,4,Small,95,5,1,189,1841
102.png,5,Medium,1128,6,0,742,1810
102.png,6,Medium,1124,5,0,863,1770
102.png,7,Large,1528,12,0,498,1707
102.png,8,Small,243,2,0,615,1721
102.png,9,Small,273,6,1,256,1667
102.png,10,Medium,886,4,0,771,1662
102.png,11,Medium,898,6,0,963,1670
102.png,12,Small,428,10,2,462,1581
102.png,13,Large,1591,11,0,862,1538
102.png,14,Small,252,6,2,294,1548
102.png,15,Large,2551,19,0,645,1486
102.png,16,Small,245,1,0,983,1508
102.png,17,Medium,852,14,1,461,1405
102.png,18,Medium,741,7,1,704,1373
102.png,19,Medium,1275,7,0,322,1389
102.png,20,Small,22,1,0,204,1389
102.png,21,Medium,1046,8,0,848,1296
102.png,22,Large,2809,10,0,512,1296
102.png,23,Small,247,5,0,54,1270
102.png,24,Small,407,3,0,377,1251
102.png,25,Medium,1292,10,0,777,1143
102.png,26,Small,41,1,0,145,1210
102.png,27,Medium,625,6,0,542,1124
102.png,28,Medium,657,7,1,378,1092
102.png,29,Small,442,5,0,724,1023
102.png,30,Small,285,8,0,967,1006
102.png,31,Small,62,2,0,33,984
102.png,32,Large,2325,15,1,835,921
102.png,33,Medium,1343,20,2,407,902
102.png,34,Medium,753,8,0,588,883
102.png,35,Small,294,7,1,919,856
102.png,36,Small,370,9,1,695,825
102.png,37,Small,417,12,1,104,798
102.png,38,Large,3567,22,3,481,760
102.png,39,Large,1517,17,2,631,711
102.png,40,Medium,921,19,2,67,715
102.png,41,Medium,1368,29,0,248,711
102.png,42,Medium,698,9,0,753,696
102.png,43,Medium,1488,27,0,139,594
102.png,44,Large,2146,23,1,581,570
102.png,45,Medium,1214,17,2,298,551
102.png,46,Medium,821,14,1,63,538
102.png,47,Small,299,7,0,661,507
102.png,48,Medium,883,12,0,159,458
102.png,49,Medium,828,11,1,437,482
102.png,50,Small,201,7,0,42,395
102.png,51,Large,3603,8,0,627,385
102.png,52,Small,388,5,0,141,354
102.png,53,Medium,1070,4,0,617,169
102.png,54,Small,408,6,0,650,62
103.png,1,Small,175,7,0,207,1853
103.png,2,Small,178,5,1,481,1819
103.png,3,Small,44,1,0,798,1850
103.png,4,Small,24,1,0,50,1789
103.png,5,Medium,1337,5,0,561,1704
103.png,6,Medium,558,10,1,343,1597
103.png,7,Large,1952,14,0,110,1546
103.png,8,Medium,670,12,1,454,1534
103.png,9,Large,1669,22,4,849,1575
103.png,10,Medium,1485,19,1,619,1472
103.png,11,Medium,1426,18,1,339,1487
103.png,12,Medium,1213,7,0,984,1506
103.png,13,Large,1943,18,1,91,1430
103.png,14,Medium,1389,15,1,176,1378
103.png,15,Medium,1397,9,1,839,1415
103.png,16,Medium,688,11,1,505,1398
103.png,17,Large,2465,6,0,956,1301
103.png,18,Medium,1262,11,0,744,1278
103.png,19,Medium,1142,9,0,617,1348
103.png,20,Large,2139,8,0,133,1252
103.png,21,Large,2094,18,1,433,1260
103.png,22,Medium,958,11,1,320,1206
103.png,23,Medium,604,5,0,926,1161
103.png,24,Medium,808,15,0,74,1140
103.png,25,Large,2799,14,1,597,1168
103.png,26,Small,439,3,0,159,1145
103.png,27,Small,72,3,0,1019,1065
103.png,28,Large,1709,10,1,502,1042
103.png,29,Medium,1192,14,1,694,1015
103.png,30,Small,30,1,0,37,1034
103.png,31,Medium,1462,10,1,409,960
103.png,32,Small,174,8,0,992,925
103.png,33,Small,339,2,0,711,928
103.png,34,Medium,1065,9,0,480,893
103.png,35,Medium,1223,7,0,374,784
103.png,36,Small,295,3,0,16,759
103.png,37,Medium,871,19,0,1005,729
103.png,38,Small,337,7,0,427,718
103.png,39,Small,379,9,0,1057,581
103.png,40,Small,422,4,0,399,620
103.png,41,Small,30,1,0,14,380
104.png,1,Small,188,4,0,808,1878
104.png,2,Medium,579,12,4,974,1845
104.png,3,Small,133,6,0,275,1754
104.png,4,Small,66,3,1,552,1815
104.png,5,Medium,628,5,0,1025,1715
104.png,6,Small,82,4,0,392,1703
104.png,7,Small,109,5,1,874,1686
104.png,8,Small,21,1,0,762,1714
104.png,9,Small,17,1,0,184,1708
104.png,10,Small,85,3,0,495,1606
104.png,11,Small,357,2,0,1017,1599
104.png,12,Medium,507,5,1,400,1536
104.png,13,Medium,686,5,0,741,1514
104.png,14,Medium,977,6,0,273,1455
104.png,15,Small,55,2,0,4,1480
104.png,16,Medium,712,7,1,609,1420
104.png,17,Small,345,4,0,1031,1346
104.png,18,Medium,893,8,1,711,1355
104.png,19,Medium,545,8,0,867,1317
104.png,20,Medium,637,4,1,1006,1261
104.png,21,Small,408,6,1,136,1207
104.png,22,Medium,1030,11,0,454,1211
104.png,23,Small,323,2,0,618,1180
104.png,24,Medium,693,12,1,400,1087
104.png,25,Small,263,4,0,1061,1030
104.png,26,Small,313,2,0,745,1038
104.png,27,Medium,1149,14,1,446,871
104.png,28,Small,145,2,0,318,889
104.png,29,Small,444,3,0,540,708
104.png,30,Small,122,2,0,314,744
104.png,31,Small,129,3,0,519,612
105.png,1,Small,67,4,0,198,1880
105.png,2,Small,27,1,0,933,1896
105.png,3,Small,172,8,0,590,1851
105.png,4,Small,273,11,2,437,1792
105.png,5,Small,390,16,1,149,1709
105.png,6,Small,294,8,0,310,1688
105.png,7,Medium,550,10,1,729,1687
105.png,8,Medium,980,13,0,930,1689
105.png,9,Medium,570,19,0,458,1656
105.png,10,Small,37,2,0,28,1652
105.png,11,Small,81,4,1,818,1623
105.png,12,Small,131,6,2,169,1595
105.png,13,Small,6,1,0,336,1627
105.png,14,Small,95,4,0,617,1602
105.png,15,Small,282,7,1,36,1481
105.png,16,Small,40,1,0,397,1408
105.png,17,Small,273,11,1,184,1306
105.png,18,Small,222,7,0,41,1251
105.png,19,Small,43,2,0,938,1301
105.png,20,Small,14,1,0,324,1249
105.png,21,Small,97,4,1,946,1176
105.png,22,Small,157,6,0,64,944
105.png,23,Small,221,10,0,62,776
105.png,24,Small,250,5,1,195,696
105.png,25,Small,72,2,0,1030,690
105.png,26,Small,19,1,0,479,595
105.png,27,Small,24,1,0,267,582
106.png,1,Medium,863,8,0,869,1873
106.png,2,Small,75,3,0,425,1843
106.png,3,Small,43,2,1,265,1819
106.png,4,Small,41,2,1,766,1793
106.png,5,Medium,1250,10,1,971,1765
106.png,6,Small,187,4,0,89,1767
106.png,7,Medium,585,3,0,656,1620
106.png,8,Small,128,3,1,309,1682
106.png,9,Small,164,2,0,924,1686
106.png,10,Small,59,2,0,1070,1601
106.png,11,Medium,751,8,1,223,1619
106.png,12,Small,335,5,1,469,1532
106.png,13,Medium,975,10,0,246,1478
106.png,14,Medium,1046,8,0,671,1478
106.png,15,Small,51,1,0,70,1467
106.png,16,Small,367,6,0,752,1382
106.png,17,Small,79,2,0,533,1347
106.png,18,Small,365,4,0,329,1289
106.png,19,Small,15,1,0,1076,1207
106.png,20,Small,414,4,0,502,1163
106.png,21,Small,230,3,1,182,1148
106.png,22,Small,67,2,0,6,1133
106.png,23,Small,146,3,0,414,1049
106.png,24,Small,434,1,0,148,1033
106.png,25,Small,19,1,0,1075,964
106.png,26,Medium,776,12,0,335,770
106.png,27,Small,476,7,0,532,774
106.png,28,Small,223,2,1,674,780
106.png,29,Medium,670,17,2,1049,659
106.png,30,Medium,1238,18,0,474,619
106.png,31,Small,170,7,0,1020,572
106.png,32,Large,1659,5,0,476,537
106.png,33,Small,459,11,1,431,444
106.png,34,Small,298,3,0,515,355
107.png,1,Small,61,3,1,1035,1867
107.png,2,Small,32,2,1,817,1860
107.png,3,Medium,749,8,1,318,1824
107.png,4,Small,100,5,2,80,1794
107.png,5,Small,79,4,0,784,1766
107.png,6,Small,56,3,2,975,1743
107.png,7,Small,405,5,0,275,1671
107.png,8,Medium,588,9,0,799,1584
107.png,9,Medium,548,8,0,607,1553
107.png,10,Medium,547,4,0,400,1550
107.png,11,Small,18,1,0,147,1559
107.png,12,Medium,870,12,1,733,1454
107.png,13,Medium,624,12,1,458,1407
107.png,14,Small,141,2,0,294,1396
107.png,15,Small,408,8,0,576,1330
107.png,16,Small,233,4,0,466,1237
107.png,17,Medium,577,13,2,470,1100
107.png,18,Medium,1024,18,1,521,935
107.png,19,Large,1742,22,0,579,810
107.png,20,Small,309,3,0,415,789
107.png,21,Small,94,1,0,629,737
107.png,22,Medium,702,8,0,466,595
108.png,1,Small,244,11,4,1007,1862
108.png,2,Small,40,2,1,701,1881
108.png,3,Small,15,1,1,433,1911
108.png,4,Small,53,3,1,895,1862
108.png,5,Small,20,1,1,570,1844
108.png,6,Small,265,8,1,278,1730
108.png,7,Small,99,5,3,878,1717
108.png,8,Small,324,7,0,583,1631
108.png,9,Small,27,1,1,1051,1564
108.png,10,Small,84,2,0,121,1535
108.png,11,Small,251,3,0,616,1468
108.png,12,Small,16,1,0,206,1499
108.png,13,Medium,505,6,1,800,1396
108.png,14,Small,405,6,0,475,1348
108.png,15,Small,429,5,0,289,1268
108.png,16,Small,23,1,0,79,1277
108.png,17,Medium,696,10,0,898,1166
108.png,18,Small,117,3,0,496,1180
108.png,19,Small,207,3,1,994,1114
108.png,20,Medium,899,10,0,594,1115
108.png,21,Small,84,1,0,772,1154
108.png,22,Small,460,10,1,104,1008
108.png,23,Small,216,5,1,371,1024
108.png,24,Small,123,4,1,703,983
108.png,25,Small,454,4,0,68,918
108.png,26,Small,344,5,0,187,909
108.png,27,Medium,670,4,0,534,919
108.png,28,Medium,588,5,0,1019,873
108.png,29,Small,301,7,0,400,813
108.png,30,Small,427,1,0,150,799
108.png,31,Medium,1035,25,2,727,692
108.png,32,Small,443,15,1,477,704
108.png,33,Medium,1238,7,0,879,704
108.png,34,Small,350,3,0,1032,718
108.png,35,Medium,700,15,1,584,590
108.png,36,Medium,1046,16,1,363,583
108.png,37,Small,329,4,1,770,549
108.png,38,Large,1596,30,2,436,469
108.png,39,Small,493,2,0,657,527
108.png,40,Small,412,3,0,1063,452
108.png,41,Medium,1347,19,1,301,424
108.png,42,Medium,1477,14,1,459,348
108.png,43,Medium,1470,17,0,281,290
108.png,44,Small,492,13,1,444,259
108.png,45,Medium,1213,14,0,528,153
108.png,46,Small,388,6,0,647,111
13.png,1,Small,166,3,0,427,1899
13.png,2,Medium,977,2,0,571,1866
13.png,3,Small,437,5,0,1009,1847
13.png,4,Small,95,5,1,193,1841
13.png,5,Medium,1176,7,0,746,1810
13.png,6,Medium,1418,4,0,938,1741
13.png,7,Medium,948,8,0,556,1734
13.png,8,Small,79,3,2,210,1714
13.png,9,Medium,954,8,0,470,1696
13.png,10,Medium,1058,6,0,782,1671
13.png,11,Small,419,10,3,294,1606
13.png,12,Small,370,2,0,991,1638
13.png,13,Medium,943,6,0,857,1553
13.png,14,Medium,1482,10,1,588,1564
13.png,15,Medium,552,6,1,383,1490
13.png,16,Medium,1388,15,1,771,1458
13.png,17,Medium,705,3,0,957,1490
13.png,18,Medium,1197,14,1,571,1414
13.png,19,Small,312,4,0,265,1377
13.png,20,Large,2785,11,0,447,1319
13.png,21,Medium,865,5,0,631,1325
13.png,22,Medium,1087,9,0,852,1291
13.png,23,Small,257,5,0,58,1269
13.png,24,Medium,1168,8,0,503,1209
13.png,25,Small,57,2,0,143,1220
13.png,26,Small,355,3,0,371,1150
13.png,27,Medium,992,8,2,785,1144
13.png,28,Medium,602,7,0,706,1059
13.png,29,Small,431,4,0,484,1090
13.png,30,Small,304,7,1,984,1026
13.png,31,Small,156,4,0,338,993
13.png,32,Large,2160,11,0,806,946
13.png,33,Small,61,2,0,37,984
13.png,34,Medium,1054,17,2,409,899
13.png,35,Medium,597,8,1,586,890
13.png,36,Medium,525,11,2,931,901
13.png,37,Small,307,9,2,30,778
13.png,38,Medium,1478,16,1,681,736
13.png,39,Large,3113,21,1,497,760
13.png,40,Large,2058,43,0,202,714
13.png,41,Medium,696,7,0,389,707
13.png,42,Medium,1288,15,0,603,660
13.png,43,Small,113,2,0,858,690
13.png,44,Medium,552,13,1,62,634
13.png,45,Medium,826,8,0,471,603
13.png,46,Medium,500,13,2,208,603
13.png,47,Medium,915,18,1,625,541
13.png,48,Medium,510,7,2,395,511
13.png,49,Medium,546,12,0,50,493
13.png,50,Medium,628,6,0,557,483
13.png,51,Large,3193,7,0,625,371
13.png,52,Small,114,2,0,13,343
13.png,53,Medium,1006,3,0,620,171
13.png,54,Small,450,9,2,652,61
15.png,1,Small,160,7,0,804,1886
15.png,2,Small,449,8,2,505,1823
15.png,3,Small,78,4,0,252,1882
15.png,4,Small,168,7,2,385,1814
15.png,5,Small,221,10,2,993,1816
15.png,6,Small,178,5,1,860,1732
15.png,7,Small,352,9,0,431,1719
15.png,8,Small,492,4,0,81,1750
15.png,9,Medium,1285,11,3,700,1688
15.png,10,Small,367,6,0,233,1608
15.png,11,Medium,763,6,0,544,1564
15.png,12,Small,15,1,1,388,1635
15.png,13,Medium,909,19,1,803,1548
15.png,14,Medium,687,4,0,90,1504
15.png,15,Small,370,3,0,210,1467
15.png,16,Large,1848,17,1,552,1444
15.png,17,Small,483,12,1,950,1415
15.png,18,Large,2171,6,0,827,1402
15.png,19,Small,57,2,0,114,1388
15.png,20,Medium,663,14,2,407,1319
15.png,21,Small,247,6,0,549,1308
15.png,22,Medium,695,5,1,986,1302
15.png,23,Small,223,5,1,702,1269
15.png,24,Medium,813,4,1,871,1241
15.png,25,Large,1570,11,1,405,1223
15.png,26,Medium,812,9,0,1029,1128
15.png,27,Small,379,10,0,605,1135
15.png,28,Small,126,6,1,31,1113
15.png,29,Medium,866,8,0,741,1100
15.png,30,Medium,538,12,0,1039,975
15.png,31,Large,1666,22,0,656,981
15.png,32,Small,143,4,1,18,956
15.png,33,Small,473,10,0,504,954
15.png,34,Small,160,1,0,286,977
15.png,35,Medium,953,11,0,743,853
15.png,36,Small,279,10,1,72,799
15.png,37,Medium,831,10,0,405,815
15.png,38,Large,2106,23,1,634,750
15.png,39,Small,126,4,1,1054,738
15.png,40,Medium,840,5,0,756,708
15.png,41,Medium,1484,24,0,477,685
15.png,42,Medium,636,6,0,44,659
15.png,43,Small,377,4,0,255,669
15.png,44,Large,3033,24,1,601,612
15.png,45,Small,167,4,1,92,580
15.png,46,Large,1638,24,0,556,499
15.png,47,Medium,979,14,0,1030,463
15.png,48,Medium,528,9,1,660,433
15.png,49,Medium,867,26,2,1006,355
15.png,50,Small,377,5,1,538,379
15.png,51,Small,335,1,0,617,346
15.png,52,Large,2110,36,0,981,184
15.png,53,Small,172,2,0,867,190
15.png,54,Medium,1007,14,0,985,71
17.png,1,Small,111,4,1,756,1889
17.png,2,Small,493,3,0,454,1879
17.png,3,Large,2115,7,1,68,1779
17.png,4,Small,51,1,0,200,1828
17.png,5,Small,21,1,0,621,1779
17.png,6,Small,43,1,0,264,1694
17.png,7,Small,21,1,0,1025,1661
17.png,8,Medium,535,2,0,63,1605
17.png,9,Medium,655,1,0,761,1613
17.png,10,Medium,733,3,0,756,1477
17.png,11,Small,41,2,1,532,1441
17.png,12,Small,119,4,0,224,1411
17.png,13,Medium,673,3,1,715,1297
17.png,14,Small,178,3,0,59,1292
17.png,15,Small,216,5,0,322,1221
17.png,16,Small,152,6,1,915,1219
17.png,17,Medium,665,9,0,490,1129
17.png,18,Small,240,5,0,642,1140
17.png,19,Medium,1174,10,2,870,1107
17.png,20,Small,376,3,0,247,1108
17.png,21,Medium,622,16,3,445,1012
17.png,22,Small,383,7,0,713,1046
17.png,23,Small,214,6,0,559,1014
17.png,24,Small,86,3,0,20,971
17.png,25,Small,114,4,0,1028,956
17.png,26,Medium,1464,7,0,480,915
17.png,27,Small,223,8,0,362,867
17.png,28,Small,179,7,0,661,870
17.png,29,Small,376,4,0,162,805
17.png,30,Medium,966,17,2,864,742
17.png,31,Large,1597,17,0,465,723
17.png,32,Medium,934,26,3,999,718
17.png,33,Large,2184,22,0,700,684
17.png,34,Large,2167,31,0,578,614
17.png,35,Large,2430,27,3,387,596
17.png,36,Small,381,8,0,1022,615
17.png,37,Large,2320,19,3,770,541
17.png,38,Medium,734,9,1,250,541
17.png,39,Large,2357,16,1,560,501
17.png,40,Medium,1161,17,1,918,491
17.png,41,Medium,643,9,0,836,436
17.png,42,Small,330,3,1,183,443
17.png,43,Medium,505,7,0,382,419
17.png,44,Small,343,3,0,1014,412
17.png,45,Small,205,7,0,22,382
17.png,46,Small,416,4,0,570,317
17.png,47,Medium,632,4,0,757,316
17.png,48,Small,153,1,0,21,274
17.png,49,Medium,676,2,0,579,212
17.png,50,Small,266,1,0,539,56
18.png,1,Medium,583,16,0,222,1861
18.png,2,Small,274,11,3,615,1834
18.png,3,Small,325,11,2,974,1853
18.png,4,Small,352,10,1,788,1850
18.png,5,Small,158,7,0,420,1823
18.png,6,Small,111,5,1,913,1734
18.png,7,Small,316,10,2,204,1733
18.png,8,Small,147,7,1,529,1697
18.png,9,Small,310,13,2,323,1660
18.png,10,Small,36,1,0,1064,1717
18.png,11,Small,325,13,1,42,1651
18.png,12,Medium,520,14,3,848,1615
18.png,13,Small,227,8,1,311,1548
18.png,14,Small,161,5,0,631,1599
18.png,15,Small,268,7,1,988,1497
18.png,16,Medium,1016,23,1,107,1423
18.png,17,Medium,829,18,3,401,1428
18.png,18,Medium,1074,10,0,589,1378
18.png,19,Medium,712,14,2,740,1361
18.png,20,Small,97,4,0,1011,1414
18.png,21,Small,218,3,0,878,1368
18.png,22,Small,401,9,0,64,1323
18.png,23,Medium,782,20,3,260,1282
18.png,24,Medium,842,14,0,424,1272
18.png,25,Medium,797,7,1,759,1238
18.png,26,Medium,638,11,1,104,1216
18.png,27,Small,305,5,0,935,1208
18.png,28,Medium,619,5,1,606,1215
18.png,29,Medium,1117,9,0,284,1124
18.png,30,Medium,1021,19,3,48,1102
18.png,31,Medium,1288,12,0,740,1093
18.png,32,Large,1930,12,1,542,1034
18.png,33,Small,299,9,2,950,1064
18.png,34,Medium,581,5,0,381,1007
18.png,35,Medium,1072,15,1,163,1010
18.png,36,Medium,1450,11,0,61,948
18.png,37,Small,459,16,2,1032,944
18.png,38,Large,2441,17,0,546,870
18.png,39,Small,470,5,1,385,877
18.png,40,Medium,629,5,1,116,860
18.png,41,Medium,981,8,0,701,817
18.png,42,Small,435,12,0,1039,821
18.png,43,Small,483,16,2,907,764
18.png,44,Large,2419,28,2,507,768
18.png,45,Small,463,9,0,22,728
18.png,46,Medium,881,18,1,627,706
18.png,47,Large,1557,28,1,974,686
18.png,48,Large,2418,32,0,783,680
18.png,49,Large,1693,13,0,142,637
18.png,50,Large,3012,25,1,542,612
18.png,51,Medium,1084,14,0,682,597
18.png,52,Medium,1062,19,1,1018,564
18.png,53,Small,478,5,0,896,580
18.png,54,Small,149,5,0,19,555
18.png,55,Medium,642,8,1,297,559
18.png,56,Large,3480,21,1,522,479
18.png,57,Medium,1349,23,1,969,470
18.png,58,Small,463,5,0,701,471
18.png,59,Small,422,8,0,832,453
18.png,60,Large,1539,12,1,140,381
18.png,61,Large,1537,14,1,542,337
18.png,62,Large,4903,19,1,322,317
18.png,63,Medium,805,10,0,976,288
18.png,64,Medium,993,4,0,733,349
18.png,65,Medium,827,14,0,108,281
18.png,66,Small,390,5,0,439,234
18.png,67,Small,186,5,0,792,247
31.png,1,Large,3578,5,1,355,1849
31.png,2,Small,434,13,1,813,1831
31.png,3,Small,251,7,2,1009,1809
31.png,4,Large,2612,13,1,202,1739
31.png,5,Large,7328,8,0,655,1711
31.png,6,Large,2378,6,1,56,1680
31.png,7,Large,1745,12,1,865,1677
31.png,8,Medium,993,11,3,395,1722
31.png,9,Small,20,1,0,721,1706
31.png,10,Large,2071,11,0,97,1591
31.png,11,Small,436,9,0,1038,1587
31.png,12,Medium,1026,8,1,427,1539
31.png,13,Medium,1135,12,2,802,1535
31.png,14,Large,1500,11,0,280,1483
31.png,15,Large,2134,21,0,618,1488
31.png,16,Medium,815,11,1,466,1438
31.png,17,Large,4289,7,0,961,1500
31.png,18,Large,2460,8,1,66,1417
31.png,19,Large,2843,4,0,834,1391
31.png,20,Large,1794,11,1,358,1352
31.png,21,Large,1733,8,0,556,1278
31.png,22,Small,473,4,0,79,1322
31.png,23,Large,2663,3,0,887,1262
31.png,24,Medium,1215,5,0,220,1272
31.png,25,Small,415,7,0,712,1261
31.png,26,Large,2463,14,2,329,1154
31.png,27,Small,414,6,0,526,1193
31.png,28,Large,2026,10,1,971,1134
31.png,29,Small,365,4,0,479,1152
31.png,30,Medium,1458,5,0,771,1095
31.png,31,Medium,1297,10,0,266,1034
31.png,32,Medium,771,14,0,533,1014
31.png,33,Medium,1216,7,0,148,962
31.png,34,Medium,949,11,0,413,911
31.png,35,Large,5898,19,2,523,865
31.png,36,Medium,1157,3,0,34,820
31.png,37,Medium,804,7,1,444,757
31.png,38,Medium,1285,21,1,624,711
31.png,39,Large,3366,15,1,377,630
31.png,40,Large,3153,23,0,589,590
31.png,41,Medium,1109,26,1,982,601
31.png,42,Large,1993,20,1,242,554
31.png,43,Medium,1120,9,0,509,503
31.png,44,Large,2842,15,1,665,457
31.png,45,Medium,1048,18,1,82,435
31.png,46,Medium,716,13,0,538,398
31.png,47,Large,1840,6,0,263,427
31.png,48,Medium,1276,15,0,451,336
31.png,49,Large,2592,8,0,670,331
31.png,50,Small,417,10,2,54,330
31.png,51,Large,1863,6,0,140,276
31.png,52,Medium,811,11,0,459,200
31.png,53,Medium,594,11,0,697,186
31.png,54,Small,79,1,0,243,247
31.png,55,Small,260,6,0,52,170
31.png,56,Medium,920,6,1,753,88
31.png,57,Small,302,2,0,458,107
31.png,58,Medium,844,5,0,34,45
43.png,1,Medium,1491,34,3,901,1846
43.png,2,Small,151,6,0,45,1860
43.png,3,Small,315,12,3,211,1849
43.png,4,Small,486,15,0,1047,1840
43.png,5,Medium,1147,13,1,516,1859
43.png,6,Medium,1432,7,0,358,1820
43.png,7,Medium,503,10,2,744,1830
43.png,8,Medium,1361,18,2,949,1715
43.png,9,Medium,746,22,3,417,1705
43.png,10,Medium,528,6,0,227,1679
43.png,11,Small,403,15,2,93,1663
43.png,12,Medium,531,16,0,612,1670
43.png,13,Medium,1462,8,1,793,1651
43.png,14,Medium,673,3,0,14,1583
43.png,15,Small,485,9,0,385,1592
43.png,16,Medium,521,9,0,1006,1565
43.png,17,Small,438,11,1,524,1568
43.png,18,Medium,745,11,1,828,1496
43.png,19,Medium,900,10,3,653,1450
43.png,20,Medium,1097,5,0,87,1473
43.png,21,Small,483,7,0,425,1436
43.png,22,Medium,676,9,0,984,1441
43.png,23,Medium,910,5,0,203,1424
43.png,24,Medium,769,5,0,858,1371
43.png,25,Small,233,7,0,627,1357
43.png,26,Medium,638,8,1,324,1305
43.png,27,Large,1867,10,0,50,1279
43.png,28,Small,302,3,1,261,1253
43.png,29,Medium,695,9,0,442,1198
43.png,30,Medium,1429,5,0,870,1159
43.png,31,Medium,936,2,0,1004,1159
43.png,32,Medium,1152,14,2,657,1057
43.png,33,Medium,1332,21,2,341,1055
43.png,34,Medium,971,9,0,839,1027
43.png,35,Medium,1401,4,0,78,1063
43.png,36,Small,183,2,0,904,1034
43.png,37,Medium,736,7,0,198,1001
43.png,38,Large,1810,18,0,544,944
43.png,39,Large,1537,4,0,973,938
43.png,40,Medium,728,5,0,353,938
43.png,41,Medium,1259,3,0,666,944
43.png,42,Small,80,1,0,127,901
43.png,43,Medium,678,5,0,555,798
43.png,44,Medium,1271,6,0,263,753
43.png,45,Small,73,2,0,75,679
43.png,46,Medium,1097,24,2,426,636
43.png,47,Medium,1327,19,2,559,617
43.png,48,Medium,1386,25,1,749,562
43.png,49,Small,264,4,0,15,602
43.png,50,Large,2563,32,2,470,517
43.png,51,Large,2326,16,1,308,449
43.png,52,Medium,1213,14,0,649,440
43.png,53,Medium,1303,9,0,589,404
43.png,54,Medium,1036,8,0,232,359
43.png,55,Large,2846,22,0,670,290
43.png,56,Small,354,4,0,675,214
43.png,57,Medium,690,6,0,772,167
44.png,1,Medium,511,15,3,1008,1858
44.png,2,Medium,1076,29,6,774,1836
44.png,3,Small,370,15,5,285,1843
44.png,4,Small,136,5,1,49,1831
44.png,5,Medium,747,16,1,450,1808
44.png,6,Small,368,11,1,704,1739
44.png,7,Medium,753,24,2,911,1743
44.png,8,Small,365,12,2,180,1765
44.png,9,Large,2347,13,2,352,1703
44.png,10,Small,66,3,1,480,1682
44.png,11,Small,314,8,1,1031,1692
44.png,12,Small,168,6,3,46,1669
44.png,13,Medium,1110,19,1,664,1605
44.png,14,Small,494,13,2,226,1605
44.png,15,Medium,1129,13,1,868,1604
44.png,16,Small,112,3,0,1017,1546
44.png,17,Medium,902,8,0,469,1518
44.png,18,Small,481,11,0,71,1547
44.png,19,Small,276,5,1,356,1459
44.png,20,Medium,1029,17,2,724,1500
44.png,21,Medium,1477,13,1,919,1424
44.png,22,Medium,932,7,0,601,1436
44.png,23,Large,1731,9,0,173,1441
44.png,24,Medium,922,7,0,1029,1352
44.png,25,Large,2197,19,0,432,1349
44.png,26,Medium,985,8,0,778,1372
44.png,27,Large,1903,9,1,54,1308
44.png,28,Medium,822,6,0,270,1287
44.png,29,Medium,1430,15,0,600,1256
44.png,30,Small,371,2,0,708,1216
44.png,31,Small,29,1,0,207,1235
44.png,32,Large,2376,15,1,990,1217
44.png,33,Medium,783,11,2,490,1131
44.png,34,Medium,594,8,0,42,1166
44.png,35,Medium,1124,7,0,878,1143
44.png,36,Medium,1240,16,2,380,1039
44.png,37,Large,3314,9,0,693,1081
44.png,38,Small,456,2,0,55,1040
44.png,39,Large,2265,6,0,776,979
44.png,40,Medium,860,16,1,524,975
44.png,41,Medium,517,2,0,260,957
44.png,42,Small,62,3,0,668,932
44.png,43,Small,92,3,0,73,842
44.png,44,Medium,1129,6,0,577,760
44.png,45,Large,2081,5,1,943,675
44.png,46,Small,37,2,0,791,659
44.png,47,Medium,959,6,0,1046,561
44.png,48,Medium,1325,12,3,626,558
44.png,49,Small,429,5,0,1025,492
44.png,50,Large,1516,13,0,625,421
44.png,51,Medium,1083,19,0,574,300
44.png,52,Large,1566,21,1,537,131
44.png,53,Small,407,11,0,487,41
49.png,1,Small,220,9,1,736,1874
49.png,2,Small,297,8,0,566,1814
49.png,3,Small,265,10,1,417,1797
49.png,4,Small,67,3,1,916,1782
49.png,5,Small,451,3,0,1028,1763
49.png,6,Small,21,1,0,37,1797
49.png,7,Small,89,3,1,192,1710
49.png,8,Small,92,3,1,322,1669
49.png,9,Small,21,1,0,611,1667
49.png,10,Small,215,6,0,992,1610
49.png,11,Small,122,5,0,60,1600
49.png,12,Small,202,6,0,238,1591
49.png,13,Small,387,7,0,377,1531
49.png,14,Small,233,7,1,823,1536
49.png,15,Small,41,2,0,499,1478
49.png,16,Medium,503,3,1,127,1468
49.png,17,Small,174,5,0,934,1444
49.png,18,Medium,1040,10,0,271,1421
49.png,19,Small,114,3,0,448,1350
49.png,20,Small,163,6,1,701,1328
49.png,21,Small,89,3,0,523,1316
49.png,22,Small,129,4,0,1039,1277
49.png,23,Small,68,3,0,43,1223
49.png,24,Medium,519,6,1,425,1168
49.png,25,Small,255,7,1,641,1201
49.png,26,Small,59,3,0,917,1137
49.png,27,Medium,946,5,0,172,1146
49.png,28,Medium,546,9,0,480,1042
49.png,29,Medium,943,10,0,741,992
49.png,30,Small,393,3,0,317,1031
49.png,31,Small,378,6,1,519,925
49.png,32,Small,283,3,0,613,918
49.png,33,Medium,733,8,0,828,853
49.png,34,Small,18,1,0,1074,844
49.png,35,Medium,1204,2,0,398,788
49.png,36,Medium,590,3,0,55,769
49.png,37,Medium,797,4,0,848,741
49.png,38,Medium,650,11,0,715,638
49.png,39,Medium,1172,18,0,383,610
49.png,40,Medium,876,8,0,73,584
49.png,41,Medium,963,17,1,581,490
49.png,42,Small,338,11,2,432,469
49.png,43,Medium,1072,17,0,806,454
49.png,44,Small,109,3,0,61,489
49.png,45,Large,1807,36,3,530,383
49.png,46,Large,1782,31,2,701,355
49.png,47,Medium,930,12,1,344,358
49.png,48,Small,351,7,0,793,331
49.png,49,Medium,897,13,0,462,240
49.png,50,Medium,931,20,0,664,217
49.png,51,Medium,623,13,1,702,84
51.png,1,Small,140,6,2,103,1864
51.png,2,Small,207,7,0,818,1859
51.png,3,Small,175,5,1,1016,1865
51.png,4,Small,129,6,1,373,1856
51.png,5,Medium,825,10,1,906,1742
51.png,6,Medium,530,12,2,328,1673
51.png,7,Small,365,6,0,760,1695
51.png,8,Medium,735,11,0,514,1682
51.png,9,Medium,730,11,1,996,1644
51.png,10,Small,123,4,1,86,1665
51.png,11,Small,380,6,0,781,1599
51.png,12,Medium,616,18,1,667,1525
51.png,13,Small,333,10,0,507,1526
51.png,14,Medium,612,17,0,75,1490
51.png,15,Small,402,7,1,972,1450
51.png,16,Medium,909,17,2,245,1428
51.png,17,Medium,849,18,0,570,1422
51.png,18,Small,341,12,0,788,1435
51.png,19,Small,192,4,0,415,1409
51.png,20,Small,222,2,0,1059,1377
51.png,21,Small,74,3,1,649,1376
51.png,22,Small,447,6,0,124,1310
51.png,23,Small,158,7,1,523,1256
51.png,24,Small,104,3,0,792,1243
51.png,25,Small,175,7,1,625,1187
51.png,26,Small,307,10,1,1023,1173
51.png,27,Small,482,12,0,51,1161
51.png,28,Small,151,6,0,490,1116
51.png,29,Small,90,2,0,380,951
51.png,30,Small,40,2,0,506,475
51.png,31,Small,171,3,1,508,119
52.png,1,Small,53,2,0,986,1908
52.png,2,Small,19,1,0,631,1911
52.png,3,Small,50,2,0,137,1884
52.png,4,Small,490,8,1,728,1773
52.png,5,Medium,616,14,0,637,1674
52.png,6,Small,19,1,0,28,1706
52.png,7,Small,295,6,0,352,1662
52.png,8,Medium,636,8,0,1023,1634
52.png,9,Small,56,1,0,854,1647
52.png,10,Medium,535,12,0,540,1544
52.png,11,Small,357,6,1,269,1531
52.png,12,Medium,973,21,1,983,1466
52.png,13,Medium,598,18,1,552,1430
52.png,14,Small,213,5,0,371,1409
52.png,15,Medium,1174,22,2,868,1410
52.png,16,Small,14,1,0,77,1412
52.png,17,Small,454,10,1,1033,1344
52.png,18,Small,234,5,0,489,1321
52.png,19,Medium,501,11,1,808,1281
52.png,20,Small,153,6,0,994,1241
52.png,21,Small,335,6,0,320,1218
52.png,22,Small,114,3,0,73,1212
52.png,23,Medium,521,6,0,510,1094
52.png,24,Small,132,1,0,1049,1124
52.png,25,Small,48,2,0,819,1087
52.png,26,Medium,521,15,1,461,1011
52.png,27,Small,19,1,0,322,942
52.png,28,Medium,519,16,0,595,853
52.png,29,Medium,1115,15,1,495,831
52.png,30,Small,255,9,3,411,738
52.png,31,Small,226,7,0,533,696
52.png,32,Small,166,3,0,518,561
52.png,33,Small,13,1,0,518,228
57.png,1,Small,39,2,1,505,1821
57.png,2,Small,16,1,1,371,1835
57.png,3,Small,53,2,0,1002,1781
57.png,4,Small,156,1,0,136,1759
57.png,5,Small,259,6,1,835,1693
57.png,6,Small,54,3,1,655,1662
57.png,7,Small,17,1,0,1056,1622
57.png,8,Medium,732,2,0,380,1584
57.png,9,Small,16,1,1,7,1577
57.png,10,Small,382,6,0,785,1488
57.png,11,Medium,661,8,1,252,1434
57.png,12,Small,300,6,0,568,1384
57.png,13,Medium,690,4,0,36,1360
57.png,14,Small,25,1,0,320,1332
57.png,15,Small,125,3,0,121,1266
57.png,16,Small,199,4,0,555,1274
57.png,17,Small,371,3,0,915,1244
57.png,18,Small,320,5,1,751,1209
57.png,19,Small,170,3,0,58,1203
57.png,20,Small,163,4,0,413,1118
57.png,21,Small,225,2,0,1055,1096
57.png,22,Medium,657,5,0,720,1094
57.png,23,Medium,515,7,0,952,1008
57.png,24,Medium,756,2,0,131,994
57.png,25,Small,341,5,0,442,966
57.png,26,Small,330,4,0,630,952
57.png,27,Small,212,7,1,1016,876
57.png,28,Medium,1172,10,1,915,862
57.png,29,Medium,536,8,0,501,767
57.png,30,Medium,537,2,0,279,819
57.png,31,Small,277,8,1,1031,747
57.png,32,Large,1807,25,2,326,639
57.png,33,Medium,716,12,0,1035,622
57.png,34,Medium,834,16,1,515,601
57.png,35,Medium,678,10,1,157,599
57.png,36,Medium,837,9,0,962,554
57.png,37,Medium,1206,27,1,583,474
57.png,38,Medium,742,14,3,404,485
57.png,39,Medium,763,12,0,1042,473
57.png,40,Small,57,2,0,276,460
57.png,41,Medium,878,14,1,540,398
57.png,42,Small,70,2,0,679,410
57.png,43,Medium,625,10,2,1038,343
57.png,44,Small,271,1,0,1060,263
57.png,45,Large,2708,7,0,451,228
58.png,1,Small,245,10,3,1004,1863
58.png,2,Small,26,1,0,702,1912
58.png,3,Small,19,1,0,431,1913
58.png,4,Small,87,4,1,874,1847
58.png,5,Small,35,2,0,564,1844
58.png,6,Small,260,8,1,275,1731
58.png,7,Small,106,5,3,876,1718
58.png,8,Small,317,7,0,580,1633
58.png,9,Small,28,1,0,1048,1565
58.png,10,Small,82,2,0,111,1538
58.png,11,Small,256,3,0,613,1469
58.png,12,Small,16,1,0,203,1500
58.png,13,Medium,530,7,0,798,1396
58.png,14,Small,22,1,0,1058,1401
58.png,15,Small,457,5,0,481,1326
58.png,16,Small,462,5,0,287,1268
58.png,17,Small,23,1,0,76,1278
58.png,18,Medium,714,11,0,893,1165
58.png,19,Medium,974,12,0,605,1104
58.png,20,Small,220,4,0,990,1115
58.png,21,Small,89,1,0,769,1158
58.png,22,Small,497,13,3,101,1009
58.png,23,Small,270,6,1,354,1023
58.png,24,Medium,588,4,0,517,965
58.png,25,Small,413,4,0,66,919
58.png,26,Small,196,4,1,708,901
58.png,27,Small,246,3,0,202,924
58.png,28,Medium,647,7,0,1028,865
58.png,29,Small,201,3,0,554,870
58.png,30,Small,366,9,0,419,790
58.png,31,Medium,541,3,0,147,809
58.png,32,Medium,573,9,1,995,751
58.png,33,Medium,1060,24,1,720,701
58.png,34,Small,371,11,0,531,668
58.png,35,Medium,1012,18,3,353,622
58.png,36,Medium,985,12,0,612,544
58.png,37,Medium,1040,2,0,815,643
58.png,38,Medium,1271,25,0,405,469
58.png,39,Small,454,3,0,670,491
58.png,40,Small,449,3,0,1060,456
58.png,41,Medium,854,13,0,522,437
58.png,42,Medium,1227,18,1,278,365
58.png,43,Large,1600,18,0,441,325
58.png,44,Medium,1141,8,0,301,267
58.png,45,Medium,694,16,2,503,153
58.png,46,Medium,1069,9,0,590,113
61.png,1,Small,120,6,3,635,1866
61.png,2,Small,251,12,3,920,1837
61.png,3,Small,162,5,0,202,1879
61.png,4,Small,155,8,1,35,1809
61.png,5,Small,15,1,0,849,1788
61.png,6,Small,108,5,1,83,1699
61.png,7,Small,149,3,0,710,1689
61.png,8,Small,195,1,0,164,1683
61.png,9,Small,111,3,0,538,1663
61.png,10,Small,307,4,0,420,1594
61.png,11,Small,17,1,0,786,1501
61.png,12,Small,471,4,0,227,1455
61.png,13,Medium,530,7,1,384,1360
61.png,14,Small,48,1,0,288,1384
61.png,15,Small,425,7,0,729,1312
61.png,16,Small,31,1,0,94,1316
61.png,17,Small,177,2,1,408,1169
61.png,18,Small,312,4,0,610,1111
61.png,19,Small,218,2,0,749,1164
61.png,20,Small,183,2,0,568,1012
61.png,21,Small,13,1,0,1017,1004
61.png,22,Medium,1005,11,0,542,777
61.png,23,Medium,907,13,1,361,714
61.png,24,Medium,1152,20,0,482,642
61.png,25,Small,339,8,2,607,623
61.png,26,Small,101,1,0,784,625
61.png,27,Small,76,4,1,1005,548
61.png,28,Medium,1061,20,0,439,525
61.png,29,Small,375,10,0,470,381
61.png,30,Small,291,7,1,66,366
61.png,31,Small,48,2,0,465,277
61.png,32,Small,19,1,0,1049,246
61.png,33,Medium,729,18,0,607,147
61.png,34,Medium,934,16,0,512,65
61.png,35,Small,306,4,0,393,35
64.png,1,Small,430,16,0,705,1875
64.png,2,Small,389,10,2,978,1885
64.png,3,Small,160,8,0,278,1860
64.png,4,Small,35,2,0,570,1860
64.png,5,Small,87,5,0,44,1839
64.png,6,Small,17,1,0,403,1829
64.png,7,Small,28,1,0,629,1728
64.png,8,Small,16,1,1,501,1554
64.png,9,Small,82,1,0,774,1513
64.png,10,Small,498,3,0,94,1455
64.png,11,Small,179,4,0,382,1426
64.png,12,Small,104,3,0,171,1331
64.png,13,Small,150,3,1,980,1344
64.png,14,Small,24,1,0,810,1282
64.png,15,Small,211,4,0,595,1198
64.png,16,Small,227,2,0,198,1208
64.png,17,Small,133,2,1,457,1126
64.png,18,Small,220,3,0,544,1047
64.png,19,Small,27,3,0,108,1017
64.png,20,Small,453,10,1,502,846
64.png,21,Medium,553,10,1,537,712
64.png,22,Small,63,1,0,359,675
64.png,23,Small,73,4,0,596,620
64.png,24,Small,398,9,0,592,443
68.png,1,Medium,1387,25,2,823,1864
68.png,2,Medium,547,13,0,1006,1871
68.png,3,Medium,765,16,2,284,1863
68.png,4,Medium,540,13,1,112,1860
68.png,5,Medium,562,11,0,596,1829
68.png,6,Medium,946,20,1,704,1740
68.png,7,Medium,1439,19,0,223,1739
68.png,8,Medium,872,7,1,969,1756
68.png,9,Medium,1237,18,2,414,1702
68.png,10,Small,276,9,1,101,1664
68.png,11,Small,428,4,0,821,1702
68.png,12,Medium,682,12,1,563,1647
68.png,13,Medium,545,5,0,217,1632
68.png,14,Medium,505,9,0,1015,1539
68.png,15,Large,1671,22,1,655,1533
68.png,16,Medium,1455,16,0,473,1524
68.png,17,Medium,1019,12,1,851,1449
68.png,18,Large,2535,26,0,282,1453
68.png,19,Medium,1328,13,2,78,1433
68.png,20,Small,432,5,0,637,1418
68.png,21,Small,100,3,0,1044,1386
68.png,22,Large,2265,25,2,424,1376
68.png,23,Medium,1037,10,0,152,1371
68.png,24,Medium,802,12,0,864,1323
68.png,25,Small,403,3,0,279,1331
68.png,26,Small,232,9,1,604,1217
68.png,27,Medium,563,10,1,1026,1244
68.png,28,Large,1902,20,0,825,1203
68.png,29,Medium,1349,8,0,452,1196
68.png,30,Small,26,1,0,305,1202
68.png,31,Small,324,9,0,646,1079
68.png,32,Small,274,7,0,1039,1112
68.png,33,Large,2207,17,2,70,1055
68.png,34,Large,1673,3,0,739,1116
68.png,35,Medium,600,2,0,636,1001
68.png,36,Medium,616,12,1,1048,891
68.png,37,Small,320,7,0,30,904
68.png,38,Large,1643,18,0,617,786
68.png,39,Large,3225,19,0,454,714
68.png,40,Small,269,3,0,1057,701
68.png,41,Large,2344,15,1,870,657
68.png,42,Large,9300,14,1,606,608
68.png,43,Medium,831,8,1,534,582
68.png,44,Large,1678,15,0,1025,536
68.png,45,Small,448,5,0,453,450
68.png,46,Small,190,4,1,1045,457
68.png,47,Medium,867,3,0,40,420
68.png,48,Medium,1315,7,0,550,330
68.png,49,Medium,673,1,0,134,354
68.png,50,Small,244,7,0,549,175
68.png,51,Medium,678,3,1,739,138
68.png,52,Large,3284,8,3,583,53
77.png,1,Medium,546,12,0,437,1859
77.png,2,Medium,763,7,0,99,1835
77.png,3,Small,200,6,1,1052,1802
77.png,4,Small,459,10,0,78,1740
77.png,5,Small,473,11,1,436,1755
77.png,6,Small,234,8,2,196,1724
77.png,7,Small,106,3,0,726,1708
77.png,8,Small,119,2,0,1069,1679
77.png,9,Small,17,1,0,123,1675
77.png,10,Small,96,2,0,574,1551
77.png,11,Small,65,2,1,335,1478
77.png,12,Small,44,2,0,217,1433
77.png,13,Small,68,2,0,393,1299
77.png,14,Small,143,4,1,57,1281
77.png,15,Small,18,1,1,789,1209
77.png,16,Small,34,1,0,1076,1158
77.png,17,Small,59,2,0,44,1021
77.png,18,Small,162,3,0,483,904
77.png,19,Small,75,3,0,471,650
77.png,20,Small,223,8,1,65,638
77.png,21,Small,18,1,0,705,660
77.png,22,Small,59,4,0,1005,548
77.png,23,Small,227,10,3,486,524
77.png,24,Small,40,1,0,3,548
77.png,25,Small,41,2,0,1050,484
77.png,26,Small,480,13,1,445,345
77.png,27,Small,47,2,0,662,376
77.png,28,Small,114,5,0,78,359
77.png,29,Small,380,7,0,309,329
77.png,30,Small,248,8,1,530,235
77.png,31,Small,372,12,0,426,151
77.png,32,Small,112,5,0,1025,178
77.png,33,Small,301,13,2,525,64
77.png,34,Small,298,6,0,358,50
77.png,35,Small,27,1,0,672,30
